,importance
prior_leaver_rate,0.1390225009190806
recent_3_leaver_rate,0.12184211293367697
history_matches,0.10527577243712072
prior_avg_xp_per_min,0.08143923326616893
prior_avg_gold_per_min,0.07897934345198594
prior_avg_chat_message_count,0.06982998007127401
prior_avg_kda_ratio,0.06698332058630836
recent_3_avg_avg_message_length,0.06377212313219757
prior_avg_avg_message_length,0.061051551631441006
recent_3_avg_gold_per_min,0.055749569204688834
recent_3_avg_xp_per_min,0.05391349784602673
recent_3_avg_chat_message_count,0.05263658719229773
recent_3_avg_kda_ratio,0.049504407327732446
