term,coefficient
king king,3.2084281750687165
feeder,2.566972534066804
welcome,2.5551893389420006
my team,2.3041458386143665
nice nice,2.255875767909432
gucci,2.125437666867847
lean yung,1.8116926478494588
yung lean,1.799811798501825
daydreamer,1.7893488861362783
daydreamer daydreamer,1.7809830440009602
hashirama,1.7564037503117926
pesdota,1.7424219536293313
tv pesdota,1.7424219536293313
pesdota hope,1.7424219536293313
hope twitch,1.7176376303483691
hashirama hashirama,1.7011742992254149
buzenbazen,1.672679375237015
buzenbazen buzenbazen,1.653882979578435
wizard,1.6428007917641765
mirakuru pray4paris,1.6309295851883852
do do,1.6278245441215646
ted ted,1.606330052001252
get,1.6044236395933011
true,1.5430107093664316
21161411,1.5008578238918655
plz nerf,1.4976338945881265
pepe,1.4871095436292738
beś,1.436438860040138
ted,1.4331249183351555
beś beś,1.4313902527230722
